Event_1;2018-06-13T15:47:51Z;2018-06-13T15:48:51Z
Event_2;2018-06-13T15:49:51Z;2018-06-13T15:50:51Z
Event_3;2018-06-13T15:50:50Z;2018-06-13T15:51:51Z
Event_4;2018-06-13T15:51:51Z;2018-06-13T15:52:00Z
Event_5;2018-06-13T15:52:51Z;2018-06-13T15:53:51Z
Event_6;2018-06-13T15:54:51Z;2018-06-13T15:55:51Z
Event_7;2018-06-13T15:54:51Z;2018-06-13T15:56:51Z
Event_8;2018-06-13T15:57:51Z;2018-06-13T15:58:51Z
Event_9;2018-06-13T15:58:59Z;2018-06-13T15:58:51Z
Event_10;2018-06-13T15:48:00Z;2018-06-13T48:50:51Z
Event_11;2018-06-13T15:50:51Z;2018-06-13T15:51:52Z
Event_12;2018-06-13T15:52:00Z;2018-06-13T15:54:52Z
Event_13;2018-06-13T15:57:59Z;2018-06-13T15:58:00Z